[
  {
    "path": "/test-form",
    "body": {
      "testField": "testValue"
    },
    "created_at": "2025-11-02T16:04:14.617Z"
  },
  {
    "path": "/test-form",
    "body": {
      "testField": "testValue"
    },
    "created_at": "2025-11-02T16:09:06.808Z"
  },
  {
    "path": "/test-form",
    "body": {
      "testField": "testValue"
    },
    "created_at": "2025-11-02T16:11:16.486Z"
  },
  {
    "path": "/test-form",
    "body": {
      "testField": "testValue"
    },
    "created_at": "2025-11-02T16:24:36.218Z"
  },
  {
    "path": "/test-form",
    "body": {
      "testField": "testValue"
    },
    "created_at": "2025-11-02T16:25:10.930Z"
  },
  {
    "path": "/register",
    "body": {
      "first_name": "Saugat",
      "last_name": "Gaire",
      "email": "saugatgaire69@gmail.com",
      "phone": "9862334005",
      "password": "123456",
      "confirm_password": "123456"
    },
    "created_at": "2025-11-02T16:26:37.758Z"
  },
  {
    "path": "/login",
    "body": {
      "email": "saugatgaire69@gmail.com",
      "password": "123456"
    },
    "created_at": "2025-11-02T16:26:51.889Z"
  }
]