[
  {
    "id": 1,
    "name": "Regular Wash & Dry",
    "description": "Standard washing and drying service for everyday clothes",
    "price": "NPR 500",
    "status": "active"
  },
  {
    "id": 2,
    "name": "Dry Cleaning",
    "description": "Professional dry cleaning for delicate and formal wear",
    "price": "NPR 1500",
    "status": "active"
  },
  {
    "id": 3,
    "name": "Express Service",
    "description": "Same-day wash and dry service for urgent needs",
    "price": "NPR 800",
    "status": "active"
  },
  {
    "id": 4,
    "name": "Delicate Care",
    "description": "Special care for delicate fabrics and premium garments",
    "price": "NPR 1200",
    "status": "active"
  }
]
